{"train_loss": 1.5768204927444458, "train_acc": 0.49425286054611206, "epoch": 0, "trainer/global_step": 59, "_timestamp": 1670190634.3759532, "_runtime": 420.498309135437, "_step": 1, "val_loss": 1.9546489715576172, "val_acc": 0.13559330999851227, "_wandb": {"runtime": 420}}