{"train_loss": 1.3198459148406982, "train_acc": 0.4597701132297516, "epoch": 0, "trainer/global_step": 59, "_timestamp": 1670212260.3737814, "_runtime": 447.0484085083008, "_step": 1, "val_loss": 1.150858759880066, "val_acc": 0.5084744095802307, "_wandb": {"runtime": 446}}