{"train_loss": 0.006593440193682909, "epoch": 18, "trainer/global_step": 3799, "_timestamp": 1668839476.2569866, "_runtime": 1133.4289555549622, "_step": 94, "val_loss": 0.003072185441851616}