{"train_loss": 29.56508445739746, "train_acc": 0.39080458879470825, "epoch": 0, "trainer/global_step": 59, "_timestamp": 1670222438.0170703, "_runtime": 456.69743728637695, "_step": 1, "val_loss": 28.475858688354492, "val_acc": 0.5254234075546265, "_wandb": {"runtime": 456}}