{"train_loss": 3.0889575342030184e-09, "train_dirichlet": 3.0889575342030184e-09, "train_conn": -0.26024290919303894, "train_sparse": 15.598196029663086, "epoch": 6, "trainer/global_step": 699, "_timestamp": 1669258169.058182, "_runtime": 20.14440608024597, "_step": 20, "val_loss": 2.9346722385525936e-08, "val_dirichlet": 2.9346722385525936e-08, "val_conn": -0.2602425813674927, "val_sparse": 15.598182678222656}