{"train_loss": 0.9359203577041626, "train_acc": 0.6206896305084229, "epoch": 0, "trainer/global_step": 59, "_timestamp": 1670175669.6252801, "_runtime": 200.1451141834259, "_step": 1, "val_loss": 1.2592008113861084, "val_acc": 0.4915256202220917, "_wandb": {"runtime": 199}}