{"train_loss": 1.794356876416714e-07, "train_dirichlet": 1.794356876416714e-07, "train_conn": -1.115391492843628, "train_sparse": 20.238590240478516, "epoch": 6, "trainer/global_step": 699, "_timestamp": 1669257919.716258, "_runtime": 67.47767806053162, "_step": 20, "val_loss": -1.432027829650906e-09, "val_dirichlet": -1.432027829650906e-09, "val_conn": -1.1153925657272339, "val_sparse": 20.238616943359375, "_wandb": {"runtime": 15}}