{"train_loss": 3.7006309032440186, "train_acc": 0.5287356376647949, "epoch": 0, "trainer/global_step": 59, "_timestamp": 1670209353.335176, "_runtime": 418.3381369113922, "_step": 1, "val_loss": 4.996520519256592, "val_acc": 0.627118706703186, "_wandb": {"runtime": 418}}