{"train_loss": 97.02826690673828, "train_acc": 0.4712643623352051, "epoch": 0, "trainer/global_step": 59, "_timestamp": 1670225285.428076, "_runtime": 490.52789306640625, "_step": 1, "val_loss": 35.7110481262207, "val_acc": 0.38983026146888733, "_wandb": {"runtime": 490}}