{"train_loss": 1.249842643737793, "train_acc": 0.39080458879470825, "epoch": 0, "trainer/global_step": 59, "_timestamp": 1670186785.106652, "_runtime": 302.92411398887634, "_step": 1, "val_loss": 1.1360957622528076, "val_acc": 0.5084744095802307, "_wandb": {"runtime": 302}}