{"train_loss": 2.877720594406128, "train_acc": 0.48275861144065857, "epoch": 0, "trainer/global_step": 59, "_timestamp": 1670223711.6145084, "_runtime": 279.9570503234863, "_step": 1, "val_loss": 1.4875160455703735, "val_acc": 0.4576268494129181, "_wandb": {"runtime": 279}}