{"train_loss": 1.4321719408035278, "train_acc": 0.48275861144065857, "epoch": 0, "trainer/global_step": 59, "_timestamp": 1670167331.8744693, "_runtime": 259.6980571746826, "_step": 1, "val_loss": 1.7695623636245728, "val_acc": 0.5084744095802307, "_wandb": {"runtime": 259}}