{"train_loss": 2.407296657562256, "train_acc": 0.2298850566148758, "epoch": 0, "trainer/global_step": 59, "_timestamp": 1670160760.3516722, "_runtime": 294.89086723327637, "_step": 1, "val_loss": 2.3400421142578125, "val_acc": 0.47457650303840637, "_wandb": {"runtime": 294}}