{"train_loss": 8.282378196716309, "train_acc": 0.29885056614875793, "epoch": 0, "trainer/global_step": 59, "_timestamp": 1670184929.7332141, "_runtime": 369.6111822128296, "_step": 1, "val_loss": 35.311058044433594, "val_acc": 0.08474583923816681, "_wandb": {"runtime": 369}}