{"train_loss": 1.1537190675735474, "train_acc": 0.5287356376647949, "epoch": 0, "trainer/global_step": 59, "_timestamp": 1670171508.3458922, "_runtime": 353.59668612480164, "_step": 1, "val_loss": 1.4704539775848389, "val_acc": 0.4915256202220917, "_wandb": {"runtime": 353}}