{"train_loss": 12.166518211364746, "train_acc": 0.5632184147834778, "epoch": 0, "trainer/global_step": 59, "_timestamp": 1670218036.205459, "_runtime": 522.2963471412659, "_step": 1, "val_loss": 6.634378433227539, "val_acc": 0.4915256202220917, "_wandb": {"runtime": 522}}