{"train_loss": 59.25102233886719, "train_acc": 0.25287356972694397, "epoch": 0, "trainer/global_step": 59, "_timestamp": 1670151427.0758882, "_runtime": 614.3531210422516, "_step": 1, "val_loss": 41.49626159667969, "val_acc": 0.576271116733551, "_wandb": {"runtime": 614}}