{"train_loss": 7.89268684387207, "train_acc": 0.4367816150188446, "epoch": 0, "trainer/global_step": 59, "_timestamp": 1670204986.157337, "_runtime": 439.6721739768982, "_step": 1, "val_loss": 4.524661540985107, "val_acc": 0.6101697087287903, "_wandb": {"runtime": 439}}