{"train_loss": 0.07377669215202332, "train_acc": 0.9655172228813171, "epoch": 28, "trainer/global_step": 1739, "_timestamp": 1670250145.4851217, "_runtime": 6014.563583612442, "_step": 62, "val_loss": 3.8026692867279053, "val_acc": 0.6779667139053345}