{"train_loss": 1.9971749782562256, "train_acc": 0.4482758641242981, "epoch": 0, "trainer/global_step": 59, "_timestamp": 1670217070.5287628, "_runtime": 306.9108097553253, "_step": 1, "val_loss": 1.6762638092041016, "val_acc": 0.20338988304138184, "_wandb": {"runtime": 306}}