{"train_loss": 2269.092529296875, "train_acc": 0.48275861144065857, "epoch": 0, "trainer/global_step": 59, "_timestamp": 1670222950.0679069, "_runtime": 505.0498728752136, "_step": 1, "val_loss": 385.96356201171875, "val_acc": 0.5084744095802307, "_wandb": {"runtime": 504}}