{"train_loss": -0.2387935221195221, "train_dirichlet": 0.09999064356088638, "train_conn": -3.3892853260040283, "train_sparse": 0.0014438629150390625, "epoch": 6, "trainer/global_step": 699, "_timestamp": 1669256441.2200503, "_runtime": 183.19488334655762, "_step": 56, "val_loss": -0.23879371583461761, "val_dirichlet": 0.09999046474695206, "val_conn": -3.389282464981079, "val_sparse": 0.0014438629150390625, "_wandb": {"runtime": 30}}