{"train_loss": 1.257068395614624, "train_acc": 0.5287356376647949, "epoch": 0, "trainer/global_step": 59, "_timestamp": 1670224786.9505398, "_runtime": 208.74666476249695, "_step": 1, "val_loss": 1.8149104118347168, "val_acc": 0.5254234075546265, "_wandb": {"runtime": 208}}