{"train_loss": 1.0162912607192993, "train_acc": 0.5517241358757019, "epoch": 0, "trainer/global_step": 59, "_timestamp": 1670224568.6945515, "_runtime": 231.85867047309875, "_step": 1, "val_loss": 1.2952264547348022, "val_acc": 0.5254234075546265, "_wandb": {"runtime": 231}}