{"train_loss": 0.0009248100686818361, "epoch": 8, "trainer/global_step": 1799, "_timestamp": 1668849703.9280536, "_runtime": 689.6556327342987, "_step": 44, "val_loss": 0.0010676542297005653}