{"train_loss": 394.85955810546875, "train_acc": 0.24137930572032928, "epoch": 0, "trainer/global_step": 59, "_timestamp": 1671009754.2087517, "_runtime": 376.83773469924927, "_step": 1, "val_loss": 44.482418060302734, "val_acc": 0.10169494152069092, "_wandb": {"runtime": 213}}