{"train_loss": -0.2393290251493454, "train_dirichlet": 0.09509000182151794, "train_conn": -3.393693447113037, "train_sparse": 0.049503326416015625, "epoch": 5, "trainer/global_step": 599, "_timestamp": 1669256523.2349744, "_runtime": 30.6375994682312, "_step": 17, "val_loss": -0.239328995347023, "val_dirichlet": 0.09508953243494034, "val_conn": -3.3936963081359863, "val_sparse": 0.04950714111328125, "_wandb": {"runtime": 12}}