{"train_loss": 1.1388741731643677, "train_acc": 0.5862069129943848, "epoch": 0, "trainer/global_step": 59, "_timestamp": 1670202666.7740285, "_runtime": 336.862247467041, "_step": 1, "val_loss": 3.0566418170928955, "val_acc": 0.5423732399940491, "_wandb": {"runtime": 336}}