{"train_loss": 1.1706475019454956, "train_acc": 0.5287356376647949, "epoch": 0, "trainer/global_step": 59, "_timestamp": 1670164496.2684765, "_runtime": 241.68599438667297, "_step": 1, "val_loss": 1.2760016918182373, "val_acc": 0.5254234075546265, "_wandb": {"runtime": 241}}