{"train_loss": 0.024366091936826706, "train_acc": 0.9885057210922241, "epoch": 0, "trainer/global_step": 59, "_timestamp": 1670212456.7842836, "_runtime": 185.3193416595459, "_step": 1, "val_loss": 1.077170491218567, "val_acc": 0.7457621693611145, "_wandb": {"runtime": 185}}