{"train_loss": 15.769450187683105, "train_acc": 0.49425286054611206, "epoch": 0, "trainer/global_step": 59, "_timestamp": 1670191511.3467948, "_runtime": 382.7995307445526, "_step": 1, "val_loss": 19.19251823425293, "val_acc": 0.5254234075546265, "_wandb": {"runtime": 382}}