{"train_loss": 0.9619022011756897, "train_acc": 0.6551724076271057, "epoch": 0, "trainer/global_step": 59, "_timestamp": 1670212617.867983, "_runtime": 150.98224306106567, "_step": 1, "val_loss": 1.2120546102523804, "val_acc": 0.5254234075546265, "_wandb": {"runtime": 150}}