{"train_loss": 1.3666683435440063, "train_acc": 0.540229856967926, "epoch": 0, "trainer/global_step": 59, "_timestamp": 1670168171.5680232, "_runtime": 321.76716327667236, "_step": 1, "val_loss": 1.4974771738052368, "val_acc": 0.47457650303840637, "_wandb": {"runtime": 321}}