{"train_loss": 0.00016177791985683143, "epoch": 5, "trainer/global_step": 599, "_timestamp": 1669236593.1357863, "_runtime": 353.64266633987427, "_step": 254, "val_loss": 0.00016173698531929404}