{"train_loss": 1.3815723657608032, "train_acc": 0.5632184147834778, "epoch": 0, "trainer/global_step": 59, "_timestamp": 1670201248.7328315, "_runtime": 245.24249458312988, "_step": 1, "val_loss": 1.462699294090271, "val_acc": 0.2881355583667755, "_wandb": {"runtime": 245}}