{"train_loss": 1.8399450778961182, "train_acc": 0.13793103396892548, "epoch": 0, "trainer/global_step": 59, "_timestamp": 1671077443.6594467, "_runtime": 216.05815982818604, "_step": 1, "val_loss": 1.5641916990280151, "val_acc": 0.11864412575960159, "_wandb": {"runtime": 215}}