{"train_loss": 0.016962172463536263, "train_acc": 0.9885057210922241, "epoch": 4, "trainer/global_step": 249, "_timestamp": 1670107896.8827884, "_runtime": 966.3508653640747, "_step": 8, "val_loss": 5.074190616607666, "val_acc": 0.2881355583667755}