{"train_loss": -1.97176834859647e-08, "train_dirichlet": -1.97176834859647e-08, "train_conn": -2.2934813499450684, "train_sparse": 13.768065452575684, "epoch": 5, "trainer/global_step": 599, "_timestamp": 1669257395.3864977, "_runtime": 627.2971906661987, "_step": 575, "val_loss": -2.005659354153977e-07, "val_dirichlet": -2.005659354153977e-07, "val_conn": -2.2934834957122803, "val_sparse": 13.768065452575684, "_wandb": {"runtime": 236}}