{"train_loss": 3.8503060340881348, "train_acc": 0.5517241358757019, "epoch": 0, "trainer/global_step": 59, "_timestamp": 1670212929.2466347, "_runtime": 303.0509717464447, "_step": 1, "val_loss": 1.4728190898895264, "val_acc": 0.25423720479011536, "_wandb": {"runtime": 302}}