{"train_loss": 4.931317329406738, "train_acc": 0.49425286054611206, "epoch": 0, "trainer/global_step": 59, "_timestamp": 1670214660.334546, "_runtime": 370.16280007362366, "_step": 1, "val_loss": 4.618757724761963, "val_acc": 0.5254234075546265, "_wandb": {"runtime": 369}}