{"train_loss": 258.6376037597656, "train_acc": 0.3218390941619873, "epoch": 0, "trainer/global_step": 59, "_timestamp": 1670195706.8946762, "_runtime": 491.8855781555176, "_step": 1, "val_loss": 37.94460678100586, "val_acc": 0.5254234075546265, "_wandb": {"runtime": 491}}