{"train_loss": 98.24769592285156, "train_acc": 0.4597701132297516, "epoch": 0, "trainer/global_step": 59, "_timestamp": 1670149673.5789785, "_runtime": 506.01397943496704, "_step": 1, "val_loss": 13.143555641174316, "val_acc": 0.4915256202220917, "_wandb": {"runtime": 505}}