{"train_loss": 19.005002975463867, "train_acc": 0.3448275923728943, "epoch": 0, "trainer/global_step": 59, "_timestamp": 1670167840.3948665, "_runtime": 499.65091943740845, "_step": 1, "val_loss": 35.044307708740234, "val_acc": 0.08474583923816681, "_wandb": {"runtime": 499}}