{"train_loss": -2.9336020816117525e-05, "epoch": 5, "trainer/global_step": 599, "_timestamp": 1669239165.448316, "_runtime": 16.681464195251465, "_step": 17, "val_loss": -2.95005756925093e-05, "_wandb": {"runtime": 13}}