{"train_loss": 400262496.0, "train_acc": 0.7356321811676025, "epoch": 2, "trainer/global_step": 499, "_timestamp": 1669771071.7628078, "_runtime": 906.9032168388367, "_step": 11, "val_loss": 130109432.0, "val_acc": 0.3389824628829956}