{"train_loss": 15.711146354675293, "train_acc": 0.28735631704330444, "epoch": 0, "trainer/global_step": 59, "_timestamp": 1670214277.9291432, "_runtime": 487.01177310943604, "_step": 1, "val_loss": 3.557896137237549, "val_acc": 0.20338988304138184, "_wandb": {"runtime": 486}}