{"train_loss": 1.2015796899795532, "train_acc": 0.4597701132297516, "epoch": 0, "trainer/global_step": 59, "_timestamp": 1670215574.1810484, "_runtime": 238.69468331336975, "_step": 1, "val_loss": 1.3527954816818237, "val_acc": 0.5254234075546265, "_wandb": {"runtime": 238}}