{"train_loss": 0.9262107610702515, "train_acc": 0.5977011322975159, "epoch": 0, "trainer/global_step": 59, "_timestamp": 1670165191.038692, "_runtime": 181.29758596420288, "_step": 1, "val_loss": 1.3480652570724487, "val_acc": 0.5593222379684448, "_wandb": {"runtime": 180}}