{"train_loss": 6.604855060577393, "train_acc": 0.5057471394538879, "epoch": 0, "trainer/global_step": 59, "_timestamp": 1670174006.6637447, "_runtime": 414.65203380584717, "_step": 1, "val_loss": 1.891342043876648, "val_acc": 0.5423732399940491, "_wandb": {"runtime": 414}}