{"train_loss": 5.747154712677002, "train_acc": 0.5287356376647949, "epoch": 0, "trainer/global_step": 59, "_timestamp": 1670225707.8641503, "_runtime": 414.5863251686096, "_step": 1, "val_loss": 4.369584083557129, "val_acc": 0.5254234075546265, "_wandb": {"runtime": 414}}