{"train_loss": 61.98088455200195, "train_acc": 0.4482758641242981, "epoch": 0, "trainer/global_step": 59, "_timestamp": 1670220419.075448, "_runtime": 506.18640208244324, "_step": 1, "val_loss": 57.75953674316406, "val_acc": 0.4915256202220917, "_wandb": {"runtime": 506}}