{"train_loss": 1.9422249794006348, "train_acc": 0.5287356376647949, "epoch": 0, "trainer/global_step": 59, "_timestamp": 1670177935.5867229, "_runtime": 357.74243783950806, "_step": 1, "val_loss": 1.8130056858062744, "val_acc": 0.4576268494129181, "_wandb": {"runtime": 357}}