{"train_loss": 6.315611362457275, "train_acc": 0.4712643623352051, "epoch": 0, "trainer/global_step": 59, "_timestamp": 1670224054.6030505, "_runtime": 334.9676585197449, "_step": 1, "val_loss": 2.014341354370117, "val_acc": 0.627118706703186, "_wandb": {"runtime": 334}}