{"train_loss": 4.444256782531738, "train_acc": 0.49425286054611206, "epoch": 0, "trainer/global_step": 59, "_timestamp": 1670206910.377229, "_runtime": 322.39005494117737, "_step": 1, "val_loss": 3.1804044246673584, "val_acc": 0.4915256202220917, "_wandb": {"runtime": 322}}