{"train_loss": 2.2967615127563477, "train_acc": 0.5517241358757019, "epoch": 0, "trainer/global_step": 59, "_timestamp": 1670166522.5536416, "_runtime": 478.59891748428345, "_step": 1, "val_loss": 2.4752650260925293, "val_acc": 0.23728825151920319, "_wandb": {"runtime": 478}}