{"train_loss": 0.04202789068222046, "train_acc": 0.9885057210922241, "epoch": 0, "trainer/global_step": 59, "_timestamp": 1670221456.7642093, "_runtime": 175.1720151901245, "_step": 1, "val_loss": 1.5627820491790771, "val_acc": 0.6779667139053345, "_wandb": {"runtime": 175}}