{"train_loss": 0.7190410494804382, "train_acc": 0.6666666865348816, "epoch": 1, "trainer/global_step": 199, "_timestamp": 1669851488.1280816, "_runtime": 661.2492804527283, "_step": 5, "val_loss": 1.787827968597412, "val_acc": 0.5084750652313232}