{"train_loss": 0.9919607043266296, "train_acc": 0.5517241358757019, "epoch": 0, "trainer/global_step": 49, "_timestamp": 1669849188.807521, "_runtime": 386.72316122055054, "_step": 0, "_wandb": {"runtime": 288}}