{"train_loss": 0.8742321729660034, "train_acc": 0.6321839094161987, "epoch": 0, "trainer/global_step": 59, "_timestamp": 1670184283.373494, "_runtime": 134.30595779418945, "_step": 1, "val_loss": 1.854576587677002, "val_acc": 0.576271116733551, "_wandb": {"runtime": 134}}