{"train_loss": 13.942785263061523, "train_acc": 0.48275861144065857, "epoch": 0, "trainer/global_step": 59, "_timestamp": 1670217506.1065705, "_runtime": 423.7312273979187, "_step": 1, "val_loss": 2.5646424293518066, "val_acc": 0.13559330999851227, "_wandb": {"runtime": 423}}