{"train_loss": 0.8508867025375366, "train_acc": 0.6436781883239746, "epoch": 0, "trainer/global_step": 59, "_timestamp": 1670174439.5734503, "_runtime": 181.53108835220337, "_step": 1, "val_loss": 0.9350815415382385, "val_acc": 0.576271116733551, "_wandb": {"runtime": 181}}