{"train_loss": 0.9252795577049255, "train_acc": 0.5977011322975159, "epoch": 0, "trainer/global_step": 59, "_timestamp": 1670175936.2997913, "_runtime": 241.03262734413147, "_step": 1, "val_loss": 1.5916746854782104, "val_acc": 0.35593220591545105, "_wandb": {"runtime": 240}}