{"train_loss": 252.7864990234375, "train_acc": 0.517241358757019, "epoch": 0, "trainer/global_step": 59, "_timestamp": 1670187554.1251109, "_runtime": 495.8880658149719, "_step": 1, "val_loss": 61.949466705322266, "val_acc": 0.5254234075546265, "_wandb": {"runtime": 495}}