{"train_loss": 19.399900436401367, "train_acc": 0.540229856967926, "epoch": 0, "trainer/global_step": 59, "_timestamp": 1670179416.991235, "_runtime": 451.5775260925293, "_step": 1, "val_loss": 15.242081642150879, "val_acc": 0.4915256202220917, "_wandb": {"runtime": 451}}